{"cameraMode":{"drawMode":0,"name":"Shaded","section":"Shading Mode"},"sceneLighting":false,"audioPlay":false,"sceneViewState":{"showFog":true,"showMaterialUpdate":false,"showSkybox":false,"showFlares":true,"showImageEffects":true,"showParticleSystems":true},"in2DMode":false,"pivot":{"x":0.0,"y":1.9098281860351563,"z":1.1920928955078126e-7},"rotation":{"x":0.11155948787927628,"y":-0.5348802208900452,"z":0.07150467485189438,"w":0.8344864845275879},"size":86.64041900634766,"orthographic":false}