{"cameraMode":{"drawMode":0,"name":"Shaded","section":"Shading Mode"},"sceneLighting":false,"audioPlay":false,"sceneViewState":{"showFog":true,"showMaterialUpdate":false,"showSkybox":false,"showFlares":true,"showImageEffects":true,"showParticleSystems":true},"in2DMode":false,"pivot":{"x":3.0104165077209474,"y":0.6935217380523682,"z":0.5279760360717773},"rotation":{"x":-0.20571567118167878,"y":0.0800558403134346,"z":-0.016888277605175973,"w":-0.9752103090286255},"size":6.998403549194336,"orthographic":false}