{"cameraMode":{"drawMode":0,"name":"Shaded","section":"Shading Mode"},"sceneLighting":false,"audioPlay":false,"sceneViewState":{"showFog":true,"showMaterialUpdate":false,"showSkybox":false,"showFlares":true,"showImageEffects":true,"showParticleSystems":true},"in2DMode":false,"pivot":{"x":-2.630679130554199,"y":0.4163203239440918,"z":0.08124542236328125},"rotation":{"x":-0.20629136264324189,"y":-0.03286411613225937,"z":0.006931595038622618,"w":-0.9779390692710877},"size":8.810126304626465,"orthographic":false}