{"count":1,"self":303.6841472,"total":311.9539277,"children":{"AgentResetIfDone":{"count":15351,"self":0.0099877,"total":0.0099877,"children":null},"AgentSendState":{"count":15351,"self":0.3041704,"total":0.9710088,"children":{"CollectObservations":{"count":15352,"self":0.66683839999999994,"total":0.66683839999999994,"children":null}}},"DecideAction":{"count":15351,"self":7.0406455999999995,"total":7.0406457,"children":null},"AcademyStep":{"count":15351,"self":0.062043799999999996,"total":0.062043799999999996,"children":null},"AgentAct":{"count":15351,"self":0.183086,"total":0.183086,"children":null}}}